-- Crea il database
CREATE DATABASE IF NOT EXISTS experia_coffee;

USE experia_coffee;

CREATE TABLE IF NOT EXISTS tbl_cliente (
                                           ID INT AUTO_INCREMENT PRIMARY KEY,
                                           NOME VARCHAR(50) NOT NULL,
    COGNOME VARCHAR(50) NOT NULL,
    EMAIL VARCHAR(50) NOT NULL,
    CELLULARE VARCHAR(50) NOT NULL,
    CODICE_FISCALE VARCHAR(50) NOT NULL,
    DATA_DI_NASCITA VARCHAR(50) NOT NULL,
    CITTA VARCHAR(50) NOT NULL,
    VIA VARCHAR(50) NOT NULL,
    N_CIVICO VARCHAR(50) NOT NULL,
    CAP VARCHAR(50) NOT NULL,
    NUM_CARTA VARCHAR(50) NOT NULL,
    CVV_CARTA VARCHAR(50) NOT NULL,
    INTESTATARIO_CARTA VARCHAR(50) DEFAULT NULL,
    SCADENZA_CARTA DATE DEFAULT NULL,
    RUOLO VARCHAR(50) DEFAULT 'cliente',
    UTENTE_PASSWORD VARCHAR(50) DEFAULT '1',
    UNIQUE KEY (EMAIL)
    );

CREATE TABLE IF NOT EXISTS tbl_filiale (
                                           NOME_FILIALE VARCHAR(50) NOT NULL,
    SEDE VARCHAR(50) NOT NULL,
    CODICE_ZONA_FILIALE VARCHAR(50) NOT NULL,
    PRIMARY KEY (CODICE_ZONA_FILIALE)
    );

CREATE TABLE IF NOT EXISTS tbl_dipendente (
                                              ID INT AUTO_INCREMENT PRIMARY KEY,
                                              NOME VARCHAR(50) NOT NULL,
    COGNOME VARCHAR(50) NOT NULL,
    EMAIL VARCHAR(50) NOT NULL,
    VIA VARCHAR(50) NOT NULL,
    N_CIVICO VARCHAR(50) NOT NULL,
    CAP VARCHAR(50) NOT NULL,
    CITTA VARCHAR(50) NOT NULL,
    CODICE_FISCALE VARCHAR(50) NOT NULL,
    DATA_DI_NASCITA VARCHAR(50) NOT NULL,
    DATA_ASSUNZIONE DATE DEFAULT NULL,
    PAGA_ORARIA FLOAT NOT NULL,
    CODICE_ZONA VARCHAR(50) DEFAULT NULL,
    RUOLO VARCHAR(50) DEFAULT 'dipendente',
    UTENTE_PASSWORD VARCHAR(50) DEFAULT '1',
    FOREIGN KEY (CODICE_ZONA) REFERENCES tbl_filiale (CODICE_ZONA_FILIALE)
    );

CREATE TABLE IF NOT EXISTS tbl_fornitore (
                                             P_IVA VARCHAR(11) NOT NULL,
    NOME VARCHAR(50) NOT NULL,
    CITTA VARCHAR(30) NOT NULL,
    VIA VARCHAR(30) NOT NULL,
    CAP VARCHAR(30) NOT NULL,
    PRIMARY KEY (P_IVA)
    );

CREATE TABLE IF NOT EXISTS tbl_fornitura (
                                             ID_FORNITURA VARCHAR(50) NOT NULL,
    P_IVA VARCHAR(50) NOT NULL,
    CODICE_ZONA VARCHAR(50) NOT NULL,
    PREZZO FLOAT,
    DATA_ACQUISTO DATE,
    DATA_SPEDIZIONE DATE,
    FOREIGN KEY (P_IVA) REFERENCES tbl_fornitore(P_IVA),
    PRIMARY KEY (ID_FORNITURA)
    );

CREATE TABLE IF NOT EXISTS tbl_prodotto (
                                            NOME_PRODOTTO VARCHAR(50) NOT NULL,
    PREZZO_PRODOTTO FLOAT NOT NULL,
    QUANTITA INT NOT NULL,
    PROVENIENZA VARCHAR(50) NOT NULL,
    ID_FORNITURA VARCHAR(50) NOT NULL,
    ID_PRODOTTO VARCHAR(50) NOT NULL,
    FOREIGN KEY (ID_FORNITURA) REFERENCES tbl_fornitura(ID_FORNITURA),
    PRIMARY KEY (ID_PRODOTTO)
    );

CREATE TABLE IF NOT EXISTS tbl_carrello (
                                            ID VARCHAR(50) PRIMARY KEY,
    DATA_ACQUISTO DATE DEFAULT NULL,
    QUANTITA_PRODOTTO INT NOT NULL,
    PREZZO_TOTALE FLOAT NOT NULL,
    EMAIL_CLIENTE VARCHAR(50),
    FOREIGN KEY (EMAIL_CLIENTE) REFERENCES tbl_cliente (EMAIL)
    );

CREATE TABLE IF NOT EXISTS tbl_ordine (
                                          ID_ORDINE VARCHAR(50) PRIMARY KEY,
    FATTURA VARCHAR(50) NOT NULL,
    NUMERO_ORDINE INT DEFAULT NULL,
    ID_CARRELLO VARCHAR(50),
    INDIRIZZO_SPEDIZIONE VARCHAR(50) DEFAULT NULL,
    STATO_ORDINE VARCHAR(50) DEFAULT 'non gestito',
    FOREIGN KEY (ID_CARRELLO) REFERENCES tbl_carrello (ID)
    );

CREATE TABLE IF NOT EXISTS tbl_aggiunto_in (
                                               ID_PRODOTTO VARCHAR(50) NOT NULL,
    ID_CARRELLO VARCHAR(50) NOT NULL,
    FOREIGN KEY (ID_PRODOTTO) REFERENCES tbl_prodotto (ID_PRODOTTO),
    FOREIGN KEY (ID_CARRELLO) REFERENCES tbl_carrello (ID)
    );

CREATE TABLE IF NOT EXISTS tbl_corriere (
                                            P_IVA VARCHAR(50) NOT NULL,
    NOME VARCHAR(30) NOT NULL,
    TELEFONO VARCHAR(50) NOT NULL,
    EMAIL VARCHAR(30) NOT NULL,
    PRIMARY KEY (P_IVA)
    );

CREATE TABLE IF NOT EXISTS tbl_gestito_da (
                                              ID_FILIALE VARCHAR(50) NOT NULL,
    CODICE_ORDINE VARCHAR(50) NOT NULL,
    FOREIGN KEY (ID_FILIALE) REFERENCES tbl_filiale (CODICE_ZONA_FILIALE),
    FOREIGN KEY (CODICE_ORDINE) REFERENCES tbl_ordine (ID_ORDINE)
    );

CREATE TABLE IF NOT EXISTS tbl_spedizione (
                                              NUMERO_TRACCIAMENTO VARCHAR(50) NOT NULL,
    P_IVA_CORRIERE VARCHAR(50) NOT NULL,
    NUMERO_ORDINE VARCHAR(50) NOT NULL,
    DATA_PARTENZA DATE NOT NULL,
    DATA_ARRIVO DATE NOT NULL,
    FOREIGN KEY (P_IVA_CORRIERE) REFERENCES tbl_corriere (P_IVA),
    PRIMARY KEY (NUMERO_TRACCIAMENTO)
    );

CREATE TABLE IF NOT EXISTS tbl_emette_spedizione (
                                                     CODICE_ZONA_FILIALE VARCHAR(50) NOT NULL,
    NUMERO_TRACCIAMENTO VARCHAR(50) NOT NULL,
    FOREIGN KEY (CODICE_ZONA_FILIALE) REFERENCES tbl_filiale (CODICE_ZONA_FILIALE),
    FOREIGN KEY (NUMERO_TRACCIAMENTO) REFERENCES tbl_spedizione (NUMERO_TRACCIAMENTO)
    );

CREATE TABLE IF NOT EXISTS tbl_magazzino (
                                             CODICE_MAGAZZINO VARCHAR(50) NOT NULL,
    ID_PRODOTTO VARCHAR(50) NOT NULL,
    QUANTITA_PRODOTTO INT NOT NULL,
    NOME_PRODOTTO VARCHAR(50) DEFAULT NULL,
    NOME_MAGAZZINO VARCHAR(50) DEFAULT NULL,
    FOREIGN KEY (CODICE_MAGAZZINO) REFERENCES tbl_filiale(CODICE_ZONA_FILIALE)
    );

INSERT INTO tbl_cliente (NOME, COGNOME, EMAIL, CELLULARE, CITTA, VIA, N_CIVICO, CAP, NUM_CARTA, CVV_CARTA, INTESTATARIO_CARTA, SCADENZA_CARTA, CODICE_FISCALE, DATA_DI_NASCITA)
VALUES
    ('Alessio', 'Ferri', 'alessio.ferri@outlook.com', '+39 342 2345678', 'Catania', 'Via Catania', '120', '95100', '2345678901234567', '234', 'Alessio Ferri', '2024-01-05', 'RSSMRA90M01H501Z', '1990-01-01'),
    ('Anna', 'Russo', 'anna.russo@gmail.com', '+39 335 5678901', 'Firenze', 'Via Firenze', '50', '50100', '5678901234567890', '567', 'Anna Russo', '2024-01-05', 'RSSNNA91M41H501Y', '1991-05-15'),
    ('Davide', 'Barbieri', 'davide.barbieri@outlook.com', '+39 338 8901234', 'Roma', 'Via Palermo', '80', '90100', '8901234567890123', '890', 'Davide Barbieri', '2024-01-05', 'RSSDBR91M05H501W', '1991-08-20'),
    ('Elena', 'Fabbri', 'elena.fabbri@gmail.com', '+39 347 7890123', 'Pisa', 'Via Pisa', '170', '56100', '7890123456789012', '789', 'Elena Fabbri', '2024-01-05', 'RSSEFA85M10H501R', '1985-03-15'),
    ('Francesca', 'Rizzo', 'francesca.rizzo@gmail.com', '+39 345 5678901', 'Messina', 'Via Messina', '150', '98100', '5678901234567890', '567', 'Francesca Rizzo', '2024-01-05', 'RSSFNC88M45H501T', '1988-11-25'),
    ('Gennaro', 'Verdi', 'gennaro.verdi@gmail.com', '+39 333 34567555', 'Monza', 'Via Vesuvio', '30', '20900', '3456789012345678', '345', 'Gennaro Verdi', '2024-05-09', 'RSSGNN89M05H501U', '1989-02-18'),
    ('Giovanna', 'Verdi', 'giovanna.verdi@libero.it', '+39 336 9876543', 'Napoli', 'Via Vesuvio', '200', '80100', '9876543210987654', '987', 'Giovanna Verdi', '2024-01-05', 'RSSGVN90M41H501I', '1990-08-30'),
    ('Giovanni', 'Mancini', 'giovanni.mancini@outlook.com', '+39 344 4567890', 'Perugia', 'Via Perugia', '140', '06100', '4567890123456789', '456', 'Giovanni Mancini', '2024-01-05', 'RSSGNM88M05H501O', '1988-12-10'),
    ('Giuseppe', 'Verdi', 'giuseppe.verdi@gmail.com', '+39 333 3456789', 'Roma', 'Via Vesuvio', '30', '80100', '3456789012345678', '345', 'Giuseppe Verdi', '2024-01-05', 'RSSGPP88M05H501A', '1988-05-20'),
    ('Laura', 'Conti', 'laura.conti@gmail.com', '+39 337 7890123', 'Roma', 'Via Genova', '70', '16100', '7890123456789012', '789', 'Laura Conti', '2024-01-05', 'RSSLRA89M41H501N', '1989-09-08'),
    ('Marco', 'Gallo', 'marco.gallo@libero.it', '+39 336 6789012', 'Bologna', 'Via Bologna', '60', '40100', '6789012345678901', '678', 'Marco Gallo', '2024-01-05', 'RSSMRC88M10H501L', '1988-10-15'),
    ('Mario', 'Rossi', 'mario.rossi@gmail.com', '+39 312 1234567', 'Roma', 'Via Roma', '10', '00100', '1234567890123456', '123', 'Mario Rossi', '2024-01-05', 'RSSMRA90M01H501Z', '1990-01-01'),
    ('Martina', 'Lombardi', 'martina.lombardi@gmail.com', '+39 341 1234567', 'Cagliari', 'Via Cagliari', '110', '09100', '1234567890123456', '123', 'Martina Lombardi', '2024-01-05', 'RSSMTN85M10H501G', '1985-07-12'),
    ('Massimo', 'Ricci', 'massimo.ricci@outlook.com', '+39 348 8901234', 'Taranto', 'Via Taranto', '180', '74100', '8901234567890123', '890', 'Massimo Ricci', '2024-01-05', 'RSSMSO89M05H501R', '1989-03-28'),
    ('Paola', 'Ferrari', 'paola.ferrari@outlook.com', '+39 334 4567890', 'Torino', 'Via Torino', '40', '10100', '4567890123456789', '456', 'Paola Ferrari', '2024-01-05', 'RSSPLA85M41H501T', '1985-09-22'),
    ('Roberto', 'Moretti', 'roberto.moretti@libero.it', '+39 346 6789012', 'Roma', 'Via Modena', '160', '41100', '6789012345678901', '678', 'Roberto Moretti', '2024-01-05', 'RSSRRT88M05H501B', '1988-06-15'),
    ('Sergio', 'Gatti', 'sergio.gatti@libero.it', '+39 340 0123456', 'Roma', 'Via Verona', '100', '37100', '0123456789012345', '012', 'Sergio Gatti', '2024-01-05', 'RSSSRG89M01H501S', '1989-01-05'),
    ('Silvia', 'Caruso', 'silvia.caruso@gmail.com', '+39 349 9012345', 'Reggio Calabria', 'Via Reggio', '190', '89100', '9012345678901234', '901', 'Silvia Caruso', '2024-01-05', 'RSSLVC85M41H501C', '1985-04-18'),
    ('Simona', 'Marino', 'simona.marino@gmail.com', '+39 343 3456789', 'Trieste', 'Via Trieste', '130', '34100', '3456789012345678', '345', 'Simona Marino', '2024-01-05', 'RSSSMN88M10H501I', '1988-10-30'),
    ('Valentina', 'Marchetti', 'valentina.marchetti@gmail.com', '+39 339 9012345', 'Bari', 'Via Bari', '90', '70100', '9012345678901234', '901', 'Valentina Marchetti', '2024-01-05', 'RSSLNT88M41H501M', '1988-11-15'),
    ('Ernesto', 'Brancaccio', 'ernesto.brancaccio@gmail.com', '+39 357 3211565', 'Potenza', 'Via del Piave', '11', '85100', '9013645655901255', '777', 'Ernesto Brancaccio', '2024-02-22', 'RSSTNB90M22H501E', '1990-06-30');

INSERT INTO tbl_filiale (NOME_FILIALE, SEDE, CODICE_ZONA_FILIALE) VALUES('Experia Coffee - Naples', 'Napoli', 'Z001');
INSERT INTO tbl_filiale (NOME_FILIALE, SEDE, CODICE_ZONA_FILIALE) VALUES('Experia Coffee - Rome', 'Roma', 'Z002');
INSERT INTO tbl_filiale (NOME_FILIALE, SEDE, CODICE_ZONA_FILIALE) VALUES('Experia Coffee - Milan', 'Milano', 'Z003');
INSERT INTO tbl_filiale (NOME_FILIALE, SEDE, CODICE_ZONA_FILIALE) VALUES('Experia Coffee - Florence', 'Firenze', 'Z004');
INSERT INTO tbl_filiale (NOME_FILIALE, SEDE, CODICE_ZONA_FILIALE) VALUES('Experia Coffee - Palermo', 'Palermo', 'Z005');

INSERT INTO tbl_dipendente (ID, NOME, COGNOME, VIA, CITTA, CAP, CODICE_FISCALE, DATA_ASSUNZIONE, PAGA_ORARIA, CODICE_ZONA, EMAIL, N_CIVICO, DATA_DI_NASCITA)
VALUES
    (9, 'Fulvio', 'Amante', 'Via Benedetto Cozzolino 2', 'Napoli', '80100', 'AMTFLV123456RDF4', DATE '2023-03-03', 7.5, 'Z001', 'fulvio.amante@experiacoffee.it', '25A', '1990-01-01'),
    (2, 'Marco', 'Aurelio', 'Via del pantano 5', 'Roma', '0100', 'ARLMRC0231234567', DATE '2023-05-06', 7.5, 'Z002', 'marco.aurelio@experiacoffee.it', '13B', '1991-05-15'),
    (18, 'Salvatore', 'Amitrano', 'Via XX Maggio, 12', 'Milano', '20019', 'ATOSTE745581DF26', DATE '2023-02-02', 7.9, 'Z003', 'salvatore.amitrano@experiacoffee.it', '42C', '1985-03-15'),
    (11, 'Alessandro', 'Bonifacio', 'Via Magellano 18', 'Firenze', '50100', 'BNFALS2362122203', DATE '2022-10-03', 8.7, 'Z004', 'alessandro.bonifacio@experiacoffee.it', '7D', '1991-08-20'),
    (12, 'Giovanni', 'Chierico', 'Via I Maggio 5', 'Empoli', '50053', 'CHRGVN4571254863', DATE '2022-07-03', 7, 'Z004', 'giovanni.chierico@experiacoffee.it', '19E', '1985-07-12'),
    (13, 'Sofia', 'Chieti', 'Via delle Rose 4', 'Pescara', '65100', 'CHTSFA2361047895', DATE '2020-02-03', 10, 'Z002', 'sofia.chieti@experiacoffee.it', '33F', '1988-11-25'),
    (4, 'Isabella', 'Crispo', 'Via Madonna delle grazie 3', 'Roma', '0100', 'CRSISA123DD47521', DATE '2023-10-03', 10, 'Z002', 'isabella.crispo@experiacoffee.it', '14G', '1990-01-01'),
    (14, 'Francesca', 'Diamante', 'Via Benedetto Croce 2', 'Ravenna', '48100', 'DMTFRA2345120159', DATE '2023-03-03', 7.6, 'Z004', 'francesca.diamante@experiacoffee.it', '9H', '1988-10-15'),
    (6, 'Gennaro', 'Esposito', 'Via casacelle 100', 'Napoli', '80100', 'ESPGNN123456RDF4', DATE '2022-10-03', 7.5, 'Z001', 'gennaro.esposito@experiacoffee.it', '5I', '1991-05-15'),
    (10, 'Pasquale', 'Granata', 'Via Oasi Sacro Cuore 15', 'Napoli', '80100', 'ESPPQL123456RDF4', DATE '2021-10-27', 7.5, 'Z001', 'pasquale.granata@experiacoffee.it', '11L', '1989-02-18'),
    (19, 'Giuseppe', 'Emirati', 'Via Epitaffio, 12', 'Milano', '20019', 'ETIGPE8519556347', DATE '2023-02-02', 7.9, 'Z003', 'giuseppe.emirati@experiacoffee.it', '28M', '1990-08-30'),
    (5, 'Patrizio', 'Infante', 'Via Augusto Righi 17', 'Roma', '0100', 'IFTPTZ3456GG7656', DATE '2023-07-02', 8.5, 'Z002', 'patrizio.infante@experiacoffee.it', '10N', '1991-08-30'),
    (1, 'Aurelio', 'Lagnani', 'Via del colosseo 15', 'Roma', '0100', 'LGIARL345RF43176', DATE '2022-05-09', 7.5, 'Z002', 'aurelio.lagnani@experiacoffee.it', '8O', '1988-05-20'),
    (16, 'Armando', 'Laddomada', 'Giovanni Falcone', 'Palermo', '90100', 'LMAARO123ED4SA5G', DATE '2022-04-06', 8, 'Z005', 'armando.laddomada@experiacoffee.it', '17P', '1988-12-10'),
    (3, 'Gianluca', 'Materazzi', 'Via del gran sasso 18', 'Roma', '0100', 'MTIGNA8542336951', DATE '2023-05-06', 7.5, 'Z002', 'gianluca.materazzi@experiacoffee.it', '22Q', '1990-01-01'),
    (17, 'Damiano', 'Piacenti', 'Via del Sole', 'Ragusa', '97100', 'PCIDMO1249665843', DATE '2022-05-04', 7, 'Z005', 'damiano.piacenti@experiacoffee.it', '48R', '1988-06-15'),
    (7, 'Carmela', 'Patrizi', 'Via Pianura 10', 'Napoli', '80100', 'PTZCRA123456RDF4', DATE '2022-07-03', 7.5, 'Z001', 'carmela.patrizi@experiacoffee.it', '14S', '1991-05-15'),
    (20, 'Fabio', 'Salice', 'Via 2 Novembre, 25', 'Milano', '20019', 'SLEFBO1035478445', DATE '2022-10-02', 8, 'Z003', 'fabio.salice@experiacoffee.it', '37T', '1989-01-05'),
    (21, 'Federico', 'Senna', 'Via delle stelle, 36-B', 'Milano', '20019', 'SNAFCO8954113745', DATE '2023-04-12', 6.5, 'Z003', 'federico.senna@experiacoffee.it', '49U', '1990-01-01'),
    (15, 'Damiano', 'Volpe', 'Via dei fiori sospesi 15', 'Cremona', '26100', 'VLPDMA1782002345', DATE '2021-10-27', 7.2, 'Z003', 'damiano.volpe@experiacoffee.it', '12V', '1988-01-15'),
    (8, 'Amelia', 'Verdi', 'Via Cristoforo Colombo 17', 'Napoli', '80100', 'VRDAML123456RDF4', DATE '2020-02-03', 7.5, 'Z001', 'amelia.verdi@experiacoffee.it', '29Z', '1988-10-30');

INSERT INTO tbl_fornitore (P_IVA, NOME, CITTA, VIA, CAP) VALUES('000180023NA',
                                                                'Borbone Caffè', 'Caivano ', 'Agglomerato ASI Pascarola, NA', '80023');
INSERT INTO tbl_fornitore (P_IVA, NOME, CITTA, VIA, CAP) VALUES('000180131NA',
                                                                'Kimbo Caffè', 'Napoli', 'Viale Colli Aminei, 25/A', '80131');
INSERT INTO tbl_fornitore (P_IVA, NOME, CITTA, VIA, CAP) VALUES('000180145NA',
                                                                'Toraldo Caffè', 'Napoli', 'Via Vincenzo Janfolla, 564', '80145');
INSERT INTO tbl_fornitore (P_IVA, NOME, CITTA, VIA, CAP) VALUES('000310152TO',
                                                                'Lavazza Caffè', 'Torino ', 'Via Bologna, 32', '10152');
INSERT INTO tbl_fornitore (P_IVA, NOME, CITTA, VIA, CAP) VALUES('00055180327',
                                                                'Illycaffè', 'Trieste', 'Via Flavia 110', '34121');
INSERT INTO tbl_fornitore (P_IVA, NOME, CITTA, VIA, CAP) VALUES('00097680219',
                                                                'Julius Meinl', 'Altavilla Vicentina', 'Viale Verona, 70', '36077');
INSERT INTO tbl_fornitore (P_IVA, NOME, CITTA, VIA, CAP) VALUES('00103220091',
                                                                'Tchibo', 'München', 'Willy-Brandt-Platz', '81829');
INSERT INTO tbl_fornitore (P_IVA, NOME, CITTA, VIA, CAP) VALUES('00169040011',
                                                                'Caffè Vergnano', 'Napoli', 'P.za Giuseppe Garibaldi, 95/96', '80142');
INSERT INTO tbl_fornitore (P_IVA, NOME, CITTA, VIA, CAP) VALUES('00526881206',
                                                                'Segafredo Zanetti', 'Pomezia', 'Via Campobello, 1', '00040');
INSERT INTO tbl_fornitore (P_IVA, NOME, CITTA, VIA, CAP) VALUES('00990940967',
                                                                'Pellini Caffè', 'Bussolengo', 'Via I Maggio, 8', '37012 ');
INSERT INTO tbl_fornitore (P_IVA, NOME, CITTA, VIA, CAP) VALUES('10580780962',
                                                                'Melitta', 'Torino', 'Via Epomeo, 5', '10024');
INSERT INTO tbl_fornitore (P_IVA, NOME, CITTA, VIA, CAP) VALUES('DE129721461',
                                                                'Dallmayr', 'München', 'Dienerstraße 14-15', '80331');


INSERT INTO tbl_fornitura (ID_FORNITURA, P_IVA, CODICE_ZONA, PREZZO,
                           DATA_ACQUISTO, DATA_SPEDIZIONE) VALUES('FRNT-00-Z00080331DE',
                                                                  'DE129721461', 'Z000', 112.99, DATE '2023-04-20', DATE '2023-04-23');
INSERT INTO tbl_fornitura (ID_FORNITURA, P_IVA, CODICE_ZONA, PREZZO,
                           DATA_ACQUISTO, DATA_SPEDIZIONE) VALUES('FRNT-00-Z00081829DE',
                                                                  '00103220091', 'Z000', 175.25,DATE '2023-05-02',DATE '2023-05-04');
INSERT INTO tbl_fornitura (ID_FORNITURA, P_IVA, CODICE_ZONA, PREZZO,
                           DATA_ACQUISTO, DATA_SPEDIZIONE) VALUES('FRNT-00-Z00180023NA',
                                                                  '000180023NA', 'Z001', 129.99,DATE '2023-05-03',DATE '2023-05-09');
INSERT INTO tbl_fornitura (ID_FORNITURA, P_IVA, CODICE_ZONA, PREZZO,
                           DATA_ACQUISTO, DATA_SPEDIZIONE) VALUES('FRNT-00-Z00180131NA',
                                                                  '000180131NA', 'Z001', 250,DATE '2023-04-27',DATE '2023-04-29');
INSERT INTO tbl_fornitura (ID_FORNITURA, P_IVA, CODICE_ZONA, PREZZO,
                           DATA_ACQUISTO, DATA_SPEDIZIONE) VALUES('FRNT-00-Z00180142NA',
                                                                  '00169040011', 'Z001', 231.33,DATE '2023-04-27',DATE '2023-05-01');
INSERT INTO tbl_fornitura (ID_FORNITURA, P_IVA, CODICE_ZONA, PREZZO,
                           DATA_ACQUISTO, DATA_SPEDIZIONE) VALUES('FRNT-00-Z00180145NA',
                                                                  '000180145NA', 'Z001', 175.55,DATE '2023-02-22',DATE '2023-02-24');
INSERT INTO tbl_fornitura (ID_FORNITURA, P_IVA, CODICE_ZONA, PREZZO,
                           DATA_ACQUISTO, DATA_SPEDIZIONE) VALUES('FRNT-00-Z00200040RM',
                                                                  '00526881206', 'Z002', 144.57,DATE '2023-05-02',DATE '2023-05-04');
INSERT INTO tbl_fornitura (ID_FORNITURA, P_IVA, CODICE_ZONA, PREZZO,
                           DATA_ACQUISTO, DATA_SPEDIZIONE) VALUES('FRNT-00-Z00310024TO',
                                                                  '10580780962', 'Z003', 98.22,DATE '2023-05-14',DATE '2023-05-17');
INSERT INTO tbl_fornitura (ID_FORNITURA, P_IVA, CODICE_ZONA, PREZZO,
                           DATA_ACQUISTO, DATA_SPEDIZIONE) VALUES('FRNT-00-Z00310152TO',
                                                                  '000310152TO', 'Z003', 67.5,DATE '2023-01-15',DATE '2023-01-17');
INSERT INTO tbl_fornitura (ID_FORNITURA, P_IVA, CODICE_ZONA, PREZZO,
                           DATA_ACQUISTO, DATA_SPEDIZIONE) VALUES('FRNT-00-Z00334121TR',
                                                                  '00055180327', 'Z003', 200,DATE '2023-05-03',DATE '2023-05-05');
INSERT INTO tbl_fornitura (ID_FORNITURA, P_IVA, CODICE_ZONA, PREZZO,
                           DATA_ACQUISTO, DATA_SPEDIZIONE) VALUES('FRNT-00-Z00336077VR',
                                                                  '00097680219', 'Z003', 180.5,DATE '2023-05-03',DATE '2023-05-05');
INSERT INTO tbl_fornitura (ID_FORNITURA, P_IVA, CODICE_ZONA, PREZZO,
                           DATA_ACQUISTO, DATA_SPEDIZIONE) VALUES('FRNT-00-Z00337012VR',
                                                                  '00990940967', 'Z003', 177.45,DATE '2023-05-10',DATE '2023-05-12');
INSERT INTO tbl_fornitura (ID_FORNITURA, P_IVA, CODICE_ZONA, PREZZO,
                           DATA_ACQUISTO, DATA_SPEDIZIONE) VALUES('FRNT-01-Z00180023NA',
                                                                  '000180023NA', 'Z001', 70.99,DATE '2023-05-02',DATE '2023-05-04');
INSERT INTO tbl_fornitura (ID_FORNITURA, P_IVA, CODICE_ZONA, PREZZO,
                           DATA_ACQUISTO, DATA_SPEDIZIONE) VALUES('FRNT-01-Z00180131NA',
                                                                  '000180131NA', 'Z001', 97.65,DATE '2023-04-30',DATE '2023-05-05');
INSERT INTO tbl_fornitura (ID_FORNITURA, P_IVA, CODICE_ZONA, PREZZO,
                           DATA_ACQUISTO, DATA_SPEDIZIONE) VALUES('FRNT-01-Z00180145NA',
                                                                  '000180145NA', 'Z001', 66,DATE '2023-03-05',DATE '2023-03-07');
INSERT INTO tbl_fornitura (ID_FORNITURA, P_IVA, CODICE_ZONA, PREZZO,
                           DATA_ACQUISTO, DATA_SPEDIZIONE) VALUES('FRNT-01-Z00310152TO',
                                                                  '000310152TO', 'Z003', 210,DATE '2023-01-20',DATE '2023-02-22');

INSERT INTO tbl_prodotto (NOME_PRODOTTO, PREZZO_PRODOTTO, QUANTITA,
                          PROVENIENZA, ID_FORNITURA, ID_PRODOTTO) VALUES('Box Crema Oro', 18.99, 20,
                                                                         'Germania', 'FRNT-00-Z00080331DE', 'DLY-BCGOLD');
INSERT INTO tbl_prodotto (NOME_PRODOTTO, PREZZO_PRODOTTO, QUANTITA,
                          PROVENIENZA, ID_FORNITURA, ID_PRODOTTO) VALUES('Box Classic', 15, 20,
                                                                         'Germania', 'FRNT-00-Z00080331DE', 'DLY-BCL');
INSERT INTO tbl_prodotto (NOME_PRODOTTO, PREZZO_PRODOTTO, QUANTITA,
                          PROVENIENZA, ID_FORNITURA, ID_PRODOTTO) VALUES('Box Ethiopia', 16.99, 20,
                                                                         'Germania', 'FRNT-00-Z00080331DE', 'DLY-BETP');
INSERT INTO tbl_prodotto (NOME_PRODOTTO, PREZZO_PRODOTTO, QUANTITA,
                          PROVENIENZA, ID_FORNITURA, ID_PRODOTTO) VALUES('Box Monaco', 18, 20,
                                                                         'Germania', 'FRNT-00-Z00080331DE', 'DLY-BMNC');
INSERT INTO tbl_prodotto (NOME_PRODOTTO, PREZZO_PRODOTTO, QUANTITA,
                          PROVENIENZA, ID_FORNITURA, ID_PRODOTTO) VALUES('Box Prodomo', 14.99, 20,
                                                                         'Germania', 'FRNT-00-Z00080331DE', 'DLY-BPD');
INSERT INTO tbl_prodotto (NOME_PRODOTTO, PREZZO_PRODOTTO, QUANTITA,
                          PROVENIENZA, ID_FORNITURA, ID_PRODOTTO) VALUES('Box illy Blend', 15, 20,
                                                                         'Italia', 'FRNT-00-Z00334121TR', 'ILY-BIB');
INSERT INTO tbl_prodotto (NOME_PRODOTTO, PREZZO_PRODOTTO, QUANTITA,
                          PROVENIENZA, ID_FORNITURA, ID_PRODOTTO) VALUES('Box illy Classico', 13, 20,
                                                                         'Italia', 'FRNT-00-Z00334121TR', 'ILY-BIC');
INSERT INTO tbl_prodotto (NOME_PRODOTTO, PREZZO_PRODOTTO, QUANTITA,
                          PROVENIENZA, ID_FORNITURA, ID_PRODOTTO) VALUES('Box illy Decaffeinato', 14,
                                                                         20, 'Italia', 'FRNT-00-Z00334121TR', 'ILY-BIDCF');
INSERT INTO tbl_prodotto (NOME_PRODOTTO, PREZZO_PRODOTTO, QUANTITA,
                          PROVENIENZA, ID_FORNITURA, ID_PRODOTTO) VALUES('Box illy Intenso', 18, 20,
                                                                         'Italia', 'FRNT-00-Z00334121TR', 'ILY-BII');
INSERT INTO tbl_prodotto (NOME_PRODOTTO, PREZZO_PRODOTTO, QUANTITA,
                          PROVENIENZA, ID_FORNITURA, ID_PRODOTTO) VALUES('Box illy Monoarabica', 16,
                                                                         20, 'Italia', 'FRNT-00-Z00334121TR', 'ILY-BIM');
INSERT INTO tbl_prodotto (NOME_PRODOTTO, PREZZO_PRODOTTO, QUANTITA,
                          PROVENIENZA, ID_FORNITURA, ID_PRODOTTO) VALUES('Box Amabili Sensi', 18.99,
                                                                         25, 'Italia', 'FRNT-00-Z00336077VR', 'JM-BAS');
INSERT INTO tbl_prodotto (NOME_PRODOTTO, PREZZO_PRODOTTO, QUANTITA,
                          PROVENIENZA, ID_FORNITURA, ID_PRODOTTO) VALUES('Box Jubilee Blend', 13, 25,
                                                                         'Italia', 'FRNT-00-Z00336077VR', 'JM-BJB');
INSERT INTO tbl_prodotto (NOME_PRODOTTO, PREZZO_PRODOTTO, QUANTITA,
                          PROVENIENZA, ID_FORNITURA, ID_PRODOTTO) VALUES('Box Platinum', 39.99, 25,
                                                                         'Italia', 'FRNT-00-Z00336077VR', 'JM-BPLT');
INSERT INTO tbl_prodotto (NOME_PRODOTTO, PREZZO_PRODOTTO, QUANTITA,
                          PROVENIENZA, ID_FORNITURA, ID_PRODOTTO) VALUES('Box Royal', 25.99, 25, 'Italia',
                                                                         'FRNT-00-Z00336077VR', 'JM-BRYL');
INSERT INTO tbl_prodotto (NOME_PRODOTTO, PREZZO_PRODOTTO, QUANTITA,
                          PROVENIENZA, ID_FORNITURA, ID_PRODOTTO) VALUES('Box Vienna Blend', 17, 25,
                                                                         'Italia', 'FRNT-00-Z00336077VR', 'JM-BVB');
INSERT INTO tbl_prodotto (NOME_PRODOTTO, PREZZO_PRODOTTO, QUANTITA,
                          PROVENIENZA, ID_FORNITURA, ID_PRODOTTO) VALUES('Box Extra Cream', 18.5, 20,
                                                                         'Italia', 'FRNT-00-Z00180131NA', 'KMB-BEX');
INSERT INTO tbl_prodotto (NOME_PRODOTTO, PREZZO_PRODOTTO, QUANTITA,
                          PROVENIENZA, ID_FORNITURA, ID_PRODOTTO) VALUES('Box Aroma Gold', 14.99, 20,
                                                                         'Italia', 'FRNT-00-Z00180131NA', 'KMB-BGOLD');
INSERT INTO tbl_prodotto (NOME_PRODOTTO, PREZZO_PRODOTTO, QUANTITA,
                          PROVENIENZA, ID_FORNITURA, ID_PRODOTTO) VALUES('Box Napoli', 13.99, 20,
                                                                         'Italia', 'FRNT-00-Z00180131NA', 'KMB-BNP');
INSERT INTO tbl_prodotto (NOME_PRODOTTO, PREZZO_PRODOTTO, QUANTITA,
                          PROVENIENZA, ID_FORNITURA, ID_PRODOTTO) VALUES('Box Prestige', 29.99, 20,
                                                                         'Italia', 'FRNT-00-Z00180131NA', 'KMB-BPR');
INSERT INTO tbl_prodotto (NOME_PRODOTTO, PREZZO_PRODOTTO, QUANTITA,
                          PROVENIENZA, ID_FORNITURA, ID_PRODOTTO) VALUES('Box Top Flavour', 18.99, 20,
                                                                         'Italia', 'FRNT-00-Z00180131NA', 'KMB-BTF');
INSERT INTO tbl_prodotto (NOME_PRODOTTO, PREZZO_PRODOTTO, QUANTITA,
                          PROVENIENZA, ID_FORNITURA, ID_PRODOTTO) VALUES('Box Crema e Gusto', 18, 30,
                                                                         'Italia', 'FRNT-00-Z00310152TO', 'LVZ-BCEG');
INSERT INTO tbl_prodotto (NOME_PRODOTTO, PREZZO_PRODOTTO, QUANTITA,
                          PROVENIENZA, ID_FORNITURA, ID_PRODOTTO) VALUES('Box Gran Espresso', 15, 30,
                                                                         'Italia', 'FRNT-00-Z00310152TO', 'LVZ-BGE');
INSERT INTO tbl_prodotto (NOME_PRODOTTO, PREZZO_PRODOTTO, QUANTITA,
                          PROVENIENZA, ID_FORNITURA, ID_PRODOTTO) VALUES('Box Super Crema', 25.99,
                                                                         30, 'Italia', 'FRNT-00-Z00310152TO', 'LVZ-BSC');
INSERT INTO tbl_prodotto (NOME_PRODOTTO, PREZZO_PRODOTTO, QUANTITA,
                          PROVENIENZA, ID_FORNITURA, ID_PRODOTTO) VALUES('Box Dek Decaffeinato', 15,
                                                                         30, 'Italia', 'FRNT-00-Z00310152TO', 'LVZ-DDC');
INSERT INTO tbl_prodotto (NOME_PRODOTTO, PREZZO_PRODOTTO, QUANTITA,
                          PROVENIENZA, ID_FORNITURA, ID_PRODOTTO) VALUES('Box Qualità Rossa', 15, 30,
                                                                         'Italia', 'FRNT-00-Z00310152TO', 'LVZ-QRED');
INSERT INTO tbl_prodotto (NOME_PRODOTTO, PREZZO_PRODOTTO, QUANTITA,
                          PROVENIENZA, ID_FORNITURA, ID_PRODOTTO) VALUES('Box Auslese', 15, 18, 'Italia',
                                                                         'FRNT-00-Z00310024TO', 'MLT-BASL');
INSERT INTO tbl_prodotto (NOME_PRODOTTO, PREZZO_PRODOTTO, QUANTITA,
                          PROVENIENZA, ID_FORNITURA, ID_PRODOTTO) VALUES('Box Barista Crema', 20, 18,
                                                                         'Italia', 'FRNT-00-Z00310024TO', 'MLT-BBCF');
INSERT INTO tbl_prodotto (NOME_PRODOTTO, PREZZO_PRODOTTO, QUANTITA,
                          PROVENIENZA, ID_FORNITURA, ID_PRODOTTO) VALUES('Box BellaCrema Selection des Jahres', 22, 18, 'Italia', 'FRNT-00-Z00310024TO', 'MLT-BCSJ');
INSERT INTO tbl_prodotto (NOME_PRODOTTO, PREZZO_PRODOTTO, QUANTITA,
                          PROVENIENZA, ID_FORNITURA, ID_PRODOTTO) VALUES('Box BellaCrema', 17, 18,
                                                                         'Italia', 'FRNT-00-Z00310024TO', 'MLT-BLC');
INSERT INTO tbl_prodotto (NOME_PRODOTTO, PREZZO_PRODOTTO, QUANTITA,
                          PROVENIENZA, ID_FORNITURA, ID_PRODOTTO) VALUES('Box Mein Café', 19, 18,
                                                                         'Italia', 'FRNT-00-Z00310024TO', 'MLT-BMC');
INSERT INTO tbl_prodotto (NOME_PRODOTTO, PREZZO_PRODOTTO, QUANTITA,
                          PROVENIENZA, ID_FORNITURA, ID_PRODOTTO) VALUES('Box Pellini Decaffeinato', 16,
                                                                         30, 'Italia', 'FRNT-00-Z00337012VR', 'PLL-BDEF');
INSERT INTO tbl_prodotto (NOME_PRODOTTO, PREZZO_PRODOTTO, QUANTITA,
                          PROVENIENZA, ID_FORNITURA, ID_PRODOTTO) VALUES('Box Pellini Luxury Coffee',
                                                                         23.99, 30, 'Italia', 'FRNT-00-Z00337012VR', 'PLL-BLUX');
INSERT INTO tbl_prodotto (NOME_PRODOTTO, PREZZO_PRODOTTO, QUANTITA,
                          PROVENIENZA, ID_FORNITURA, ID_PRODOTTO) VALUES('Box Pellini No 9', 18, 30,
                                                                         'Italia', 'FRNT-00-Z00337012VR', 'PLL-BNO9');
INSERT INTO tbl_prodotto (NOME_PRODOTTO, PREZZO_PRODOTTO, QUANTITA,
                          PROVENIENZA, ID_FORNITURA, ID_PRODOTTO) VALUES('Box Pellini Bio Arabica', 20,
                                                                         30, 'Italia', 'FRNT-00-Z00337012VR', 'PLL-BTARB');
INSERT INTO tbl_prodotto (NOME_PRODOTTO, PREZZO_PRODOTTO, QUANTITA,
                          PROVENIENZA, ID_FORNITURA, ID_PRODOTTO) VALUES('Box Pellini Top', 15, 30,
                                                                         'Italia', 'FRNT-00-Z00337012VR', 'PLL-BTOP');
INSERT INTO tbl_prodotto (NOME_PRODOTTO, PREZZO_PRODOTTO, QUANTITA,
                          PROVENIENZA, ID_FORNITURA, ID_PRODOTTO) VALUES('Box cialde 50', 15.99, 1,
                                                                         'Italia', 'FRNT-00-Z00180145NA', 'PRD-CCBXCOFFEE');
INSERT INTO tbl_prodotto (NOME_PRODOTTO, PREZZO_PRODOTTO, QUANTITA,
                          PROVENIENZA, ID_FORNITURA, ID_PRODOTTO) VALUES('Box cialde 150', 29.99, 1,
                                                                         'Italia', 'FRNT-00-Z00180145NA', 'PRD-CCMBXCOFFEE');
INSERT INTO tbl_prodotto (NOME_PRODOTTO, PREZZO_PRODOTTO, QUANTITA,
                          PROVENIENZA, ID_FORNITURA, ID_PRODOTTO) VALUES('Box Beste Bohne', 19.99, 15,
                                                                         'Germania', 'FRNT-00-Z00081829DE', 'TCH-BBB');
INSERT INTO tbl_prodotto (NOME_PRODOTTO, PREZZO_PRODOTTO, QUANTITA,
                          PROVENIENZA, ID_FORNITURA, ID_PRODOTTO) VALUES('Box Exclusive', 17.99, 15,
                                                                         'Germania', 'FRNT-00-Z00081829DE', 'TCH-BEX');
INSERT INTO tbl_prodotto (NOME_PRODOTTO, PREZZO_PRODOTTO, QUANTITA,
                          PROVENIENZA, ID_FORNITURA, ID_PRODOTTO) VALUES('Box Feine Milde', 20.99, 15,
                                                                         'Germania', 'FRNT-00-Z00081829DE', 'TCH-BFM');
INSERT INTO tbl_prodotto (NOME_PRODOTTO, PREZZO_PRODOTTO, QUANTITA,
                          PROVENIENZA, ID_FORNITURA, ID_PRODOTTO) VALUES('Box Espresso Mailänder Art', 25.99, 15, 'Germania', 'FRNT-00-Z00081829DE', 'TCH-BMA');
INSERT INTO tbl_prodotto (NOME_PRODOTTO, PREZZO_PRODOTTO, QUANTITA,
                          PROVENIENZA, ID_FORNITURA, ID_PRODOTTO) VALUES('Box Barista Caffè Crema',
                                                                         21.5, 15, 'Germania', 'FRNT-00-Z00081829DE', 'TCH-BRM');
INSERT INTO tbl_prodotto (NOME_PRODOTTO, PREZZO_PRODOTTO, QUANTITA,PROVENIENZA, ID_FORNITURA, ID_PRODOTTO) VALUES('Box Arabica', 15, 20, 'Italia',
                                                                                                                  'FRNT-00-Z00180142NA', 'VRG-BARB');
INSERT INTO tbl_prodotto (NOME_PRODOTTO, PREZZO_PRODOTTO, QUANTITA,
                          PROVENIENZA, ID_FORNITURA, ID_PRODOTTO) VALUES('Box Nero Decaffeinato', 17,
                                                                         20, 'Italia', 'FRNT-00-Z00180142NA', 'VRG-BBDF');
INSERT INTO tbl_prodotto (NOME_PRODOTTO, PREZZO_PRODOTTO, QUANTITA,
                          PROVENIENZA, ID_FORNITURA, ID_PRODOTTO) VALUES('Box Espresso 1882', 13.99,
                                                                         20, 'Italia', 'FRNT-00-Z00180142NA', 'VRG-BEX');
INSERT INTO tbl_prodotto (NOME_PRODOTTO, PREZZO_PRODOTTO, QUANTITA,
                          PROVENIENZA, ID_FORNITURA, ID_PRODOTTO) VALUES('Box Gran Aroma', 18.5, 20,
                                                                         'Italia', 'FRNT-00-Z00180142NA', 'VRG-BGA');
INSERT INTO tbl_prodotto (NOME_PRODOTTO, PREZZO_PRODOTTO, QUANTITA,
                          PROVENIENZA, ID_FORNITURA, ID_PRODOTTO) VALUES('Box Selezione Oro', 19.99,
                                                                         20, 'Italia', 'FRNT-00-Z00180142NA', 'VRG-BGOLD');
INSERT INTO tbl_prodotto (NOME_PRODOTTO, PREZZO_PRODOTTO, QUANTITA,
                          PROVENIENZA, ID_FORNITURA, ID_PRODOTTO) VALUES('Box Espresso Casa', 10, 15,
                                                                         'Italia', 'FRNT-00-Z00200040RM', 'ZNT-BEC');
INSERT INTO tbl_prodotto (NOME_PRODOTTO, PREZZO_PRODOTTO, QUANTITA,
                          PROVENIENZA, ID_FORNITURA, ID_PRODOTTO) VALUES('Box Extra Strong', 19.99, 15,
                                                                         'Italia', 'FRNT-00-Z00200040RM', 'ZNT-BEX');
INSERT INTO tbl_prodotto (NOME_PRODOTTO, PREZZO_PRODOTTO, QUANTITA,
                          PROVENIENZA, ID_FORNITURA, ID_PRODOTTO) VALUES('Box Intermezzo', 15, 15,
                                                                         'Italia', 'FRNT-00-Z00200040RM', 'ZNT-BIT');
INSERT INTO tbl_prodotto (NOME_PRODOTTO, PREZZO_PRODOTTO, QUANTITA,
                          PROVENIENZA, ID_FORNITURA, ID_PRODOTTO) VALUES('Box Massimo', 25, 15,
                                                                         'Italia', 'FRNT-00-Z00200040RM', 'ZNT-BMAX');
INSERT INTO tbl_prodotto (NOME_PRODOTTO, PREZZO_PRODOTTO, QUANTITA,
                          PROVENIENZA, ID_FORNITURA, ID_PRODOTTO) VALUES('Box Selezione Crema', 18,
                                                                         15, 'Italia', 'FRNT-00-Z00200040RM', 'ZNT-BSC');

INSERT INTO tbl_carrello (DATA_ACQUISTO, QUANTITA_PRODOTTO,
                          PREZZO_TOTALE, EMAIL_CLIENTE, ID) VALUES(DATE '2023-05-03', 25, 299.99,
                                                                   'alessio.ferri@outlook.com', 'CRT - 0001');
INSERT INTO tbl_carrello (DATA_ACQUISTO, QUANTITA_PRODOTTO,
                          PREZZO_TOTALE, EMAIL_CLIENTE, ID) VALUES(DATE '2023-05-03', 15, 199.99,
                                                                   'anna.russo@gmail.com', 'CRT - 0002');
INSERT INTO tbl_carrello (DATA_ACQUISTO, QUANTITA_PRODOTTO,
                          PREZZO_TOTALE, EMAIL_CLIENTE, ID) VALUES(DATE '2023-05-04', 10, 100,
                                                                   'davide.barbieri@outlook.com', 'CRT - 0003');
INSERT INTO tbl_carrello (DATA_ACQUISTO, QUANTITA_PRODOTTO,
                          PREZZO_TOTALE, EMAIL_CLIENTE, ID) VALUES(DATE '2023-05-01', 5, 25.79,
                                                                   'elena.fabbri@gmail.com', 'CRT - 0004');
INSERT INTO tbl_carrello (DATA_ACQUISTO, QUANTITA_PRODOTTO,
                          PREZZO_TOTALE, EMAIL_CLIENTE, ID) VALUES(DATE '2023-04-28', 19, 75.99,
                                                                   'francesca.rizzo@gmail.com', 'CRT - 0005');
INSERT INTO tbl_carrello (DATA_ACQUISTO, QUANTITA_PRODOTTO,
                          PREZZO_TOTALE, EMAIL_CLIENTE, ID) VALUES(DATE '2023-05-18', 7, 33.25,
                                                                   'gennaro.verdi@gmail.com', 'CRT - 0006');
INSERT INTO tbl_carrello (DATA_ACQUISTO, QUANTITA_PRODOTTO,
                          PREZZO_TOTALE, EMAIL_CLIENTE, ID) VALUES(DATE '2023-05-16', 21, 175.22,
                                                                   'giovanna.verdi@libero.it', 'CRT - 0007');
INSERT INTO tbl_carrello (DATA_ACQUISTO, QUANTITA_PRODOTTO,
                          PREZZO_TOTALE, EMAIL_CLIENTE, ID) VALUES(DATE '2023-04-25', 3, 28.99,
                                                                   'roberto.moretti@libero.it', 'CRT - 0008');
INSERT INTO tbl_carrello (DATA_ACQUISTO, QUANTITA_PRODOTTO,
                          PREZZO_TOTALE, EMAIL_CLIENTE, ID) VALUES(DATE '2023-03-11', 5, 55.97,
                                                                   'giovanni.mancini@outlook.com', 'CRT - 0009');
INSERT INTO tbl_carrello (DATA_ACQUISTO, QUANTITA_PRODOTTO,
                          PREZZO_TOTALE, EMAIL_CLIENTE, ID) VALUES(DATE '2023-04-15', 10, 95.66,
                                                                   'paola.ferrari@outlook.com', 'CRT - 0010');
INSERT INTO tbl_carrello (DATA_ACQUISTO, QUANTITA_PRODOTTO,
                          PREZZO_TOTALE, EMAIL_CLIENTE, ID) VALUES(DATE '2023-05-03', 14, 150.99,
                                                                   'giuseppe.verdi@gmail.com', 'CRT - 0011');
INSERT INTO tbl_carrello (DATA_ACQUISTO, QUANTITA_PRODOTTO,
                          PREZZO_TOTALE, EMAIL_CLIENTE, ID) VALUES(DATE '2023-05-03', 6, 59.99,
                                                                   'laura.conti@gmail.com', 'CRT - 0012');
INSERT INTO tbl_carrello (DATA_ACQUISTO, QUANTITA_PRODOTTO,
                          PREZZO_TOTALE, EMAIL_CLIENTE, ID) VALUES(DATE '2023-05-04', 19, 211.33,
                                                                   'mario.rossi@gmail.com', 'CRT - 0013');
INSERT INTO tbl_carrello (DATA_ACQUISTO, QUANTITA_PRODOTTO,
                          PREZZO_TOTALE, EMAIL_CLIENTE, ID) VALUES(DATE '2023-05-01', 3, 35.79,
                                                                   'martina.lombardi@gmail.com', 'CRT - 0014');
INSERT INTO tbl_carrello (DATA_ACQUISTO, QUANTITA_PRODOTTO,
                          PREZZO_TOTALE, EMAIL_CLIENTE, ID) VALUES(DATE '2023-04-28', 10, 55.99,
                                                                   'massimo.ricci@outlook.com', 'CRT - 0015');
INSERT INTO tbl_carrello (DATA_ACQUISTO, QUANTITA_PRODOTTO,
                          PREZZO_TOTALE, EMAIL_CLIENTE, ID) VALUES(DATE '2023-05-18', 13, 35.25,
                                                                   'sergio.gatti@libero.it', 'CRT - 0016');
INSERT INTO tbl_carrello (DATA_ACQUISTO, QUANTITA_PRODOTTO,
                          PREZZO_TOTALE, EMAIL_CLIENTE, ID) VALUES(DATE '2023-05-16', 12, 65.22,
                                                                   'silvia.caruso@gmail.com', 'CRT - 0017');
INSERT INTO tbl_carrello (DATA_ACQUISTO, QUANTITA_PRODOTTO,
                          PREZZO_TOTALE, EMAIL_CLIENTE, ID) VALUES(DATE '2023-04-25', 9, 37.99,
                                                                   'simona.marino@gmail.com', 'CRT - 0018');
INSERT INTO tbl_carrello (DATA_ACQUISTO, QUANTITA_PRODOTTO,
                          PREZZO_TOTALE, EMAIL_CLIENTE, ID) VALUES(DATE '2023-04-15', 7, 28.79,
                                                                   'ernesto.brancaccio@gmail.com', 'CRT - 0019');
INSERT INTO tbl_carrello (DATA_ACQUISTO, QUANTITA_PRODOTTO,
                          PREZZO_TOTALE, EMAIL_CLIENTE, ID) VALUES(DATE '2023-04-15', 2, 11.66,
                                                                   'valentina.marchetti@gmail.com', 'CRT - 0020');

INSERT INTO tbl_ordine (ID_ORDINE, FATTURA, NUMERO_ORDINE, ID_CARRELLO,
                        INDIRIZZO_SPEDIZIONE) VALUES('ORD-001', 'INVOICE-001-MI', 1, 'CRT - 0001', 'Via
Miano 23, Milano');
INSERT INTO tbl_ordine (ID_ORDINE, FATTURA, NUMERO_ORDINE, ID_CARRELLO,
                        INDIRIZZO_SPEDIZIONE) VALUES('ORD-002', 'INVOICE-002-NA', 1, 'CRT - 0002', 'Via
Domenico Fontana, Napoli');
INSERT INTO tbl_ordine (ID_ORDINE, FATTURA, NUMERO_ORDINE, ID_CARRELLO,
                        INDIRIZZO_SPEDIZIONE) VALUES('ORD-003', 'INVOICE-001-RM', 1, 'CRT - 0003', 'Via
delle Rose, Roma');
INSERT INTO tbl_ordine (ID_ORDINE, FATTURA, NUMERO_ORDINE, ID_CARRELLO,
                        INDIRIZZO_SPEDIZIONE) VALUES('ORD-004', 'INVOICE-001-NA', 1, 'CRT - 0004', 'Piazza
del Plebiscito, 1, Napoli');
INSERT INTO tbl_ordine (ID_ORDINE, FATTURA, NUMERO_ORDINE, ID_CARRELLO,
                        INDIRIZZO_SPEDIZIONE) VALUES('ORD-005', 'INVOICE-001-FI', 1, 'CRT - 0005', 'Via del
Corso, 123, Firenze');
INSERT INTO tbl_ordine (ID_ORDINE, FATTURA, NUMERO_ORDINE, ID_CARRELLO,
                        INDIRIZZO_SPEDIZIONE) VALUES('ORD-006', 'INVOICE-001-BO', 1, 'CRT - 0006', 'Via
Indipendenza, 15, Bologna');
INSERT INTO tbl_ordine (ID_ORDINE, FATTURA, NUMERO_ORDINE, ID_CARRELLO,
                        INDIRIZZO_SPEDIZIONE) VALUES('ORD-007', 'INVOICE-002-FI', 1, 'CRT - 0007',
                                                     'Lungarno degli Acciaiuoli, 10, Firenze');
INSERT INTO tbl_ordine (ID_ORDINE, FATTURA, NUMERO_ORDINE, ID_CARRELLO,
                        INDIRIZZO_SPEDIZIONE) VALUES('ORD-008', 'INVOICE-001-CT', 1, 'CRT - 0008', 'via
degli Specchi, 1/C, Caltanissetta');
INSERT INTO tbl_ordine (ID_ORDINE, FATTURA, NUMERO_ORDINE, ID_CARRELLO,
                        INDIRIZZO_SPEDIZIONE) VALUES('ORD-009', 'INVOICE-001-TP', 1, 'CRT - 0009', 'via
della Vittoria, 15, Trapani');
INSERT INTO tbl_ordine (ID_ORDINE, FATTURA, NUMERO_ORDINE, ID_CARRELLO,
                        INDIRIZZO_SPEDIZIONE) VALUES('ORD-010', 'INVOICE-001-TO', 1, 'CRT - 0010', 'via dei
Monti, 22, Torino');
INSERT INTO tbl_ordine (ID_ORDINE, FATTURA, NUMERO_ORDINE, ID_CARRELLO,
                        INDIRIZZO_SPEDIZIONE) VALUES('ORD-011', 'INVOICE-002-MI', 1, 'CRT - 0011', 'Via
Roma,10, Milano');
INSERT INTO tbl_ordine (ID_ORDINE, FATTURA, NUMERO_ORDINE, ID_CARRELLO,
                        INDIRIZZO_SPEDIZIONE) VALUES('ORD-012', 'INVOICE-003-NA', 1, 'CRT - 0012', 'Via
delle Grazie,5, Napoli');
INSERT INTO tbl_ordine (ID_ORDINE, FATTURA, NUMERO_ORDINE, ID_CARRELLO,
                        INDIRIZZO_SPEDIZIONE) VALUES('ORD-013', 'INVOICE-002-RM', 1, 'CRT - 0013', 'Via
Appia,123, Roma');
INSERT INTO tbl_ordine (ID_ORDINE, FATTURA, NUMERO_ORDINE, ID_CARRELLO,
                        INDIRIZZO_SPEDIZIONE) VALUES('ORD-014', 'INVOICE-004-NA', 1, 'CRT - 0014', 'Via
Toledo, 75, Napoli');
INSERT INTO tbl_ordine (ID_ORDINE, FATTURA, NUMERO_ORDINE, ID_CARRELLO,
                        INDIRIZZO_SPEDIZIONE) VALUES('ORD-015', 'INVOICE-003-FI', 1, 'CRT - 0015', 'Via del
Corso, 123, Firenze');
INSERT INTO tbl_ordine (ID_ORDINE, FATTURA, NUMERO_ORDINE, ID_CARRELLO,
                        INDIRIZZO_SPEDIZIONE) VALUES('ORD-016', 'INVOICE-002-BO', 1, 'CRT - 0016', 'Via
della Repubblica, 30, Bologna');
INSERT INTO tbl_ordine (ID_ORDINE, FATTURA, NUMERO_ORDINE, ID_CARRELLO,
                        INDIRIZZO_SPEDIZIONE) VALUES('ORD-017', 'INVOICE-004-PA', 1, 'CRT - 0017', 'Via
Epomeo, 15, Palermo');
INSERT INTO tbl_ordine (ID_ORDINE, FATTURA, NUMERO_ORDINE, ID_CARRELLO,
                        INDIRIZZO_SPEDIZIONE) VALUES('ORD-018', 'INVOICE-002-TR', 1, 'CRT - 0018', 'Via
Zerbin, 2/D, Treviso');
INSERT INTO tbl_ordine (ID_ORDINE, FATTURA, NUMERO_ORDINE, ID_CARRELLO,
                        INDIRIZZO_SPEDIZIONE) VALUES('ORD-019', 'INVOICE-004-FI', 1, 'CRT - 0019', 'Via
Delle Belle Donne, 22, Firenze');
INSERT INTO tbl_ordine (ID_ORDINE, FATTURA, NUMERO_ORDINE, ID_CARRELLO,
                        INDIRIZZO_SPEDIZIONE) VALUES('ORD-020', 'INVOICE-003-MI', 1, 'CRT - 0020', 'Via
Principale, 1, Milano');

INSERT INTO tbl_aggiunto_in (ID_PRODOTTO, ID_CARRELLO) VALUES
                                                           ('PRD-CCBXCOFFEE', 'CRT - 0001'),
                                                           ('PRD-CCMBXCOFFEE', 'CRT - 0002'),
                                                           ('PRD-CCMBXCOFFEE', 'CRT - 0003'),
                                                           ('JM-BAS', 'CRT - 0004'),
                                                           ('DLY-BCGOLD', 'CRT - 0005'),
                                                           ('MLT-BCSJ', 'CRT - 0006'),
                                                           ('PLL-BLUX', 'CRT - 0007'),
                                                           ('MLT-BBCF', 'CRT - 0001'),
                                                           ('TCH-BRM', 'CRT - 0004'),
                                                           ('PRD-CCMBXCOFFEE', 'CRT - 0005'),
                                                           ('MLT-BBCF', 'CRT - 0007'),
                                                           ('PLL-BDEF', 'CRT - 0005'),
                                                           ('LVZ-BGE', 'CRT - 0004'),
                                                           ('KMB-BGOLD', 'CRT - 0007'),
                                                           ('KMB-BTF', 'CRT - 0003'),
                                                           ('JM-BAS', 'CRT - 0008'),
                                                           ('LVZ-BCEG', 'CRT - 0009'),
                                                           ('KMB-BTF', 'CRT - 0010'),
                                                           ('KMB-BTF', 'CRT - 0011'),
                                                           ('ILY-BIDCF', 'CRT - 0012'),
                                                           ('KMB-BTF', 'CRT - 0013'),
                                                           ('ILY-BIDCF', 'CRT - 0014'),
                                                           ('JM-BPLT', 'CRT - 0014'),
                                                           ('LVZ-BCEG', 'CRT - 0015'),
                                                           ('LVZ-QRED', 'CRT - 0016'),
                                                           ('JM-BAS', 'CRT - 0017'),
                                                           ('KMB-BTF', 'CRT - 0018'),
                                                           ('LVZ-QRED', 'CRT - 0019'),
                                                           ('VRG-BBDF', 'CRT - 0019'),
                                                           ('LVZ-BCEG', 'CRT - 0020');


INSERT INTO tbl_corriere (P_IVA, NOME, TELEFONO, EMAIL) VALUES
                                                            ('04209680158', 'DHL EXPRESS (ITALY) S.R.L.', '199 199 345', 'dhlexpress@expresspec.dhl.it'),
                                                            ('04507990150', 'BRT S.P.A.', '06 2273 7311', 'brt@pec.brt.it'),
                                                            ('08537690151', 'UPS ITALIA SRL', '02 30 30 30 39', 'amministrazione.ups@pec.it'),
                                                            ('12144660151', 'GLS ITALY S.P.A', '06 4161 7001', 'gls-italy@pec.glspec.com');


INSERT INTO tbl_gestito_da (ID_FILIALE, CODICE_ORDINE) VALUES
                                                           ('Z003', 'ORD-001'),
                                                           ('Z001', 'ORD-002'),
                                                           ('Z002', 'ORD-003'),
                                                           ('Z001', 'ORD-004'),
                                                           ('Z004', 'ORD-005'),
                                                           ('Z004', 'ORD-006'),
                                                           ('Z001', 'ORD-007'),
                                                           ('Z005', 'ORD-008'),
                                                           ('Z005', 'ORD-009'),
                                                           ('Z003', 'ORD-010'),
                                                           ('Z003', 'ORD-011'),
                                                           ('Z001', 'ORD-012'),
                                                           ('Z002', 'ORD-013'),
                                                           ('Z001', 'ORD-014'),
                                                           ('Z004', 'ORD-015'),
                                                           ('Z003', 'ORD-016'),
                                                           ('Z005', 'ORD-017'),
                                                           ('Z003', 'ORD-018'),
                                                           ('Z004', 'ORD-019'),
                                                           ('Z003', 'ORD-020');

INSERT INTO tbl_spedizione (NUMERO_TRACCIAMENTO, P_IVA_CORRIERE, NUMERO_ORDINE, DATA_PARTENZA, DATA_ARRIVO)
VALUES
    ('SPZ-21503DKK', '04209680158', 'ORD-21503DKK', DATE '2023-05-09', DATE '2023-05-10'),
    ('SPZ-34457ARS', '04209680158', 'ORD-34457ARS', DATE '2023-05-01', DATE '2023-05-04'),
    ('SPZ-38450DKK', '12144660151', 'ORD-38450DKK', DATE '2023-05-07', DATE '2023-05-08'),
    ('SPZ-55563EDD', '08537690151', 'ORD-55563EDD', DATE '2023-05-22', DATE '2023-05-26'),
    ('SPZ-55904AST', '04209680158', 'ORD-55904AST', DATE '2023-04-28', DATE '2023-05-02'),
    ('SPZ-63789JPP', '08537690151', 'ORD-63789JPP', DATE '2023-04-19', DATE '2023-04-27'),
    ('SPZ-69342DKK', '04507990150', 'ORD-69342DKK', DATE '2023-05-23', DATE '2023-05-27'),
    ('SPZ-73849DKK', '12144660151', 'ORD-73849DKK', DATE '2023-05-08', DATE '2023-05-09'),
    ('SPZ-77734DKK', '08537690151', 'ORD-77734RMT', DATE '2023-05-03', DATE '2023-05-05'),
    ('SPZ-92617DKK', '04507990150', 'ORD-92617DKK', DATE '2023-05-06', DATE '2023-05-07'),
    ('SPZ-12345ABC', '04209680158', 'ORD-12345ABC', DATE '2023-03-11', DATE '2023-03-15'),
    ('SPZ-67890DEF', '04507990150', 'ORD-67890DEF', DATE '2023-04-01', DATE '2023-04-04'),
    ('SPZ-54321GHI', '12144660151', 'ORD-54321GHI', DATE '2023-02-02', DATE '2023-02-08'),
    ('SPZ-98765JKL', '08537690151', 'ORD-98765JKL', DATE '2023-04-22', DATE '2023-04-26'),
    ('SPZ-24680MNO', '04507990150', 'ORD-24680MNO', DATE '2023-06-01', DATE '2023-06-05'),
    ('SPZ-13579PQR', '04209680158', 'ORD-13579PQR', DATE '2023-02-22', DATE '2023-02-24'),
    ('SPZ-86420STU', '04507990150', 'ORD-86420STU', DATE '2023-01-17', DATE '2023-01-20'),
    ('SPZ-24680VWX', '04209680158', 'ORD-24680VWX', DATE '2023-01-20', DATE '2023-01-23'),
    ('SPZ-97531YZA', '08537690151', 'ORD-97531YZA', DATE '2023-02-18', DATE '2023-02-20'),
    ('SPZ-80246BCD', '04507990150', 'ORD-80246BCD', DATE '2023-03-01', DATE '2023-03-03');


INSERT INTO tbl_emette_spedizione (CODICE_ZONA_FILIALE, NUMERO_TRACCIAMENTO)
VALUES
    ('Z003', 'SPZ-55563EDD'),
    ('Z001', 'SPZ-69342DKK'),
    ('Z002', 'SPZ-77734DKK'),
    ('Z001', 'SPZ-21503DKK'),
    ('Z003', 'SPZ-34457ARS'),
    ('Z002', 'SPZ-38450DKK'),
    ('Z001', 'SPZ-55904AST'),
    ('Z001', 'SPZ-63789JPP'),
    ('Z003', 'SPZ-73849DKK'),
    ('Z002', 'SPZ-92617DKK'),
    ('Z002', 'SPZ-12345ABC'),
    ('Z001', 'SPZ-67890DEF'),
    ('Z003', 'SPZ-54321GHI'),
    ('Z001', 'SPZ-98765JKL'),
    ('Z002', 'SPZ-24680MNO'),
    ('Z003', 'SPZ-13579PQR'),
    ('Z001', 'SPZ-86420STU'),
    ('Z001', 'SPZ-24680VWX'),
    ('Z001', 'SPZ-97531YZA'),
    ('Z002', 'SPZ-80246BCD');

INSERT INTO tbl_magazzino (CODICE_MAGAZZINO, ID_PRODOTTO, QUANTITA_PRODOTTO, NOME_PRODOTTO, NOME_MAGAZZINO)
VALUES
    ('Z003', 'LVZ-BCEG', 30, 'Box Crema e Gusto', 'Experia Coffee Warehouse - Milan'),
    ('Z003', 'LVZ-BGE', 30, 'Box Gran Espresso', 'Experia Coffee Warehouse - Milan'),
    ('Z003', 'LVZ-BSC', 30, 'Box Super Crema', 'Experia Coffee Warehouse - Milan'),
    ('Z003', 'LVZ-DDC', 30, 'Box Dek Decaffeinato', 'Experia Coffee Warehouse - Milan'),
    ('Z003', 'LVZ-QRED', 30, 'Box Qualità Rossa', 'Experia Coffee Warehouse - Milan'),
    ('Z001', 'KMB-BTF', 20, 'Box Top Flavour', 'Experia Coffee Warehouse - Naples'),
    ('Z001', 'KMB-BPR', 20, 'Box Prestige', 'Experia Coffee Warehouse - Naples'),
    ('Z001', 'KMB-BNP', 20, 'Box Napoli', 'Experia Coffee Warehouse - Naples'),
    ('Z001', 'KMB-BGOLD', 20, 'Box Aroma Gold', 'Experia Coffee Warehouse - Naples'),
    ('Z001', 'KMB-BEX', 20, 'Box Extra Cream', 'Experia Coffee Warehouse - Naples'),
    ('Z004', 'JM-BVB', 25, 'Box Vienna Blend', 'Experia Coffee Warehouse - Florence'),
    ('Z004', 'JM-BRYL', 25, 'Box Vienna Blend', 'Experia Coffee Warehouse - Florence'),
    ('Z004', 'JM-BPLT', 25, 'Box Platinum', 'Experia Coffee Warehouse - Florence'),
    ('Z004', 'JM-BJB', 25, 'Box Jubilee Blend', 'Experia Coffee Warehouse - Florence'),
    ('Z004', 'JM-BAS', 25, 'Box Amabili Sensi', 'Experia Coffee Warehouse - Florence'),
    ('Z002', 'ILY-BIM', 20, 'Box illy Monoarabica', 'Experia Coffee Warehouse - Rome'),
    ('Z002', 'ILY-BII', 20, 'Box illy Intenso', 'Experia Coffee Warehouse - Rome'),
    ('Z002', 'ILY-BIDCF', 20, 'Box illy Decaffeinato', 'Experia Coffee Warehouse - Rome'),
    ('Z002', 'ILY-BIC', 20, 'Box illy Classico', 'Experia Coffee Warehouse - Rome'),
    ('Z002', 'ILY-BIB', 20, 'Box illy Blend', 'Experia Coffee Warehouse - Rome'),
    ('Z005', 'DLY-BPD', 20, 'Box Prodomo', 'Experia Coffee Warehouse - Palermo'),
    ('Z005', 'DLY-BMNC', 20, 'Box Monaco', 'Experia Coffee Warehouse - Palermo'),
    ('Z005', 'DLY-BETP', 20, 'Box Ethiopia', 'Experia Coffee Warehouse - Palermo'),
    ('Z005', 'DLY-BCL', 20, 'Box Classic', 'Experia Coffee Warehouse - Palermo'),
    ('Z005', 'DLY-BCGOLD', 20, 'Box Crema Oro', 'Experia Coffee Warehouse - Palermo');

